atlas,published_name,canonical,relation
benton2025,VM7d,VM7d,exact
benton2025,VC2,VC2,exact
benton2025,VC1,VC1,exact
benton2025,VA7l,VA7l,exact
benton2025,VM7v,VM7v,exact
benton2025,VA4,VA4,exact
benton2025,DM1,DM1,exact
benton2025,VA2,VA2,exact
benton2025,V,V,exact
benton2025,DL1,DL1,exact
benton2025,DM4,DM4,exact
benton2025,DM5,DM5,exact
benton2025,DM2,DM2,exact
benton2025,VM5d,VM5d,exact
benton2025,DL5,DL5,exact
benton2025,DA2,DA2,exact
benton2025,VA6,VA6,exact
benton2025,DM3,DM3,exact
benton2025,DC2,DC2,exact
benton2025,VA7m,VA7m,exact
benton2025,VM5v,VM5v,exact
benton2025,VC4,VC4,exact
benton2025,VM2,VM2,exact
benton2025,VM3,VM3,exact
benton2025,D,D,exact
benton2025,VA3,VA3,exact
benton2025,DM6,DM6,exact
benton2025,DL4,DL4,exact
benton2025,VA5,VA5,exact
benton2025,DC3,DC3,exact
benton2025,DA3,DA3,exact
benton2025,DC1,DC1,exact
benton2025,DA4m,DA4m,exact
benton2025,DA4l,DA4l,exact
benton2025,DA1,DA1,exact
benton2025,VA1v,VA1v,exact
benton2025,DL3,DL3,exact
benton2025,VA1d,VA1d,exact
benton2025,VM6,VM6,exact
benton2025,VL2p,VL2p,exact
benton2025,VM1,VM1,exact
benton2025,VL1,VL1,exact
benton2025,DP1l,DP1l,exact
benton2025,VC5,VC5,exact
benton2025,DL2d,DL2d,exact
benton2025,VC3,VC3,exact
benton2025,DL2v,DL2v,exact
benton2025,VL2a,VL2a,exact
benton2025,VM4,VM4,exact
benton2025,DC4,DC4,exact
benton2025,DP1m,DP1m,exact
benton2025,VP1l,VP1l,exact
benton2025,VP4,VP4,exact
benton2025,VP1m,VP1m,exact
benton2025,VP5,VP5,exact
benton2025,VP1d,VP1d,exact
benton2025,VP3,VP3,exact
benton2025,VP2,VP2,exact
grabe2015,VP1(L),VP1,exact
grabe2015,VP4(L),VP4,exact
grabe2015,D(L),D,exact
grabe2015,DA1(L),DA1,exact
grabe2015,DA2(L),DA2,exact
grabe2015,DA3(L),DA3,exact
grabe2015,DA4l(L),DA4l,exact
grabe2015,DA4m(L),DA4m,exact
grabe2015,DC1(L),DC1,exact
grabe2015,DC2(L),DC2,exact
grabe2015,DC3(L),DC3,exact
grabe2015,DC4(L),DC4,exact
grabe2015,DL1(L),DL1,exact
grabe2015,DL2d(L),DL2d,exact
grabe2015,DL2v(L),DL2v,exact
grabe2015,DL3(L),DL3,exact
grabe2015,DL4(L),DL4,exact
grabe2015,DL5(L),DL5,exact
grabe2015,DM1(L),DM1,exact
grabe2015,DM2(L),DM2,exact
grabe2015,DM3(L),DM3,exact
grabe2015,DM4(L),DM4,exact
grabe2015,DM5(L),DM5,exact
grabe2015,DM6(L),DM6,exact
grabe2015,DP1m(L),DP1m,exact
grabe2015,DP1l(L),DP1l,exact
grabe2015,V(L),V,exact
grabe2015,VA1d(L),VA1d,exact
grabe2015,VA1v(L),VA1v,exact
grabe2015,VA2(L),VA2,exact
grabe2015,VA3(L),VA3,exact
grabe2015,VA4(L),VA4,exact
grabe2015,VA5(L),VA5,exact
grabe2015,VA6(L),VA6,exact
grabe2015,VA7l(L),VA7l,exact
grabe2015,VC1(L),VC1,exact
grabe2015,VC2(L),VC2,exact
grabe2015,VC3(L),VC3,exact
grabe2015,VC4(L),VC4,exact
grabe2015,VC5(L),VC5,exact
grabe2015,VL1(L),VL1,exact
grabe2015,VL2p(L),VL2p,exact
grabe2015,VL2a(L),VL2a,exact
grabe2015,VM1(L),VM1,exact
grabe2015,VM2(L),VM2,exact
grabe2015,VM3(L),VM3,exact
grabe2015,VM4(L),VM4,exact
grabe2015,VM5d(L),VM5d,exact
grabe2015,VM5v(L),VM5v,exact
grabe2015,VM7d(L),VM7d,exact
grabe2015,VM7v(L),VM7v,exact
grabe2015,VP1(R),VP1,exact
grabe2015,VP4(R),VP4,exact
grabe2015,D(R),D,exact
grabe2015,DA1(R),DA1,exact
grabe2015,DA2(R),DA2,exact
grabe2015,DA3(R),DA3,exact
grabe2015,DA4l(R),DA4l,exact
grabe2015,DA4m(R),DA4m,exact
grabe2015,DC1(R),DC1,exact
grabe2015,DC2(R),DC2,exact
grabe2015,DC3(R),DC3,exact
grabe2015,DC4(R),DC4,exact
grabe2015,DL1(R),DL1,exact
grabe2015,DL2d(R),DL2d,exact
grabe2015,DL2v(R),DL2v,exact
grabe2015,DL3(R),DL3,exact
grabe2015,DL4(R),DL4,exact
grabe2015,DL5(R),DL5,exact
grabe2015,DM1(R),DM1,exact
grabe2015,DM2(R),DM2,exact
grabe2015,DM3(R),DM3,exact
grabe2015,DM4(R),DM4,exact
grabe2015,DM5(R),DM5,exact
grabe2015,DM6(R),DM6,exact
grabe2015,DP1m(R),DP1m,exact
grabe2015,DP1l(R),DP1l,exact
grabe2015,V(R),V,exact
grabe2015,VA1d(R),VA1d,exact
grabe2015,VA1v(R),VA1v,exact
grabe2015,VA2(R),VA2,exact
grabe2015,VA3(R),VA3,exact
grabe2015,VA4(R),VA4,exact
grabe2015,VA5(R),VA5,exact
grabe2015,VA6(R),VA6,exact
grabe2015,VA7l(R),VA7l,exact
grabe2015,VC1(R),VC1,exact
grabe2015,VC2(R),VC2,exact
grabe2015,VC3(R),VC3,exact
grabe2015,VC4(R),VC4,exact
grabe2015,VC5(R),VC5,exact
grabe2015,VL1(R),VL1,exact
grabe2015,VL2p(R),VL2p,exact
grabe2015,VL2a(R),VL2a,exact
grabe2015,VM1(R),VM1,exact
grabe2015,VM2(R),VM2,exact
grabe2015,VM3(R),VM3,exact
grabe2015,VM4(R),VM4,exact
grabe2015,VM5d(R),VM5d,exact
grabe2015,VM5v(R),VM5v,exact
grabe2015,VM7d(R),VM7d,exact
grabe2015,VM7v(R),VM7v,exact
grabe2015,VP2(L),VP2,exact
grabe2015,VP2(R),VP2,exact
grabe2015,VP3(L),VP3,exact
grabe2015,VP3(R),VP3,exact
grabe2015,VA7m(L),VA7m,exact
grabe2015,VA7m(R),VA7m,exact
neuprint_cns,D(L),D,exact
neuprint_cns,D(R),D,exact
neuprint_cns,DA1(L),DA1,exact
neuprint_cns,DA1(R),DA1,exact
neuprint_cns,DA2(L),DA2,exact
neuprint_cns,DA2(R),DA2,exact
neuprint_cns,DA3(L),DA3,exact
neuprint_cns,DA3(R),DA3,exact
neuprint_cns,DA4l(L),DA4l,exact
neuprint_cns,DA4l(R),DA4l,exact
neuprint_cns,DA4m(L),DA4m,exact
neuprint_cns,DA4m(R),DA4m,exact
neuprint_cns,DC1(L),DC1,exact
neuprint_cns,DC1(R),DC1,exact
neuprint_cns,DC2(L),DC2,exact
neuprint_cns,DC2(R),DC2,exact
neuprint_cns,DC3(L),DC3,exact
neuprint_cns,DC3(R),DC3,exact
neuprint_cns,DC4(L),DC4,exact
neuprint_cns,DC4(R),DC4,exact
neuprint_cns,DL1(L),DL1,exact
neuprint_cns,DL1(R),DL1,exact
neuprint_cns,DL2d(L),DL2d,exact
neuprint_cns,DL2d(R),DL2d,exact
neuprint_cns,DL2v(L),DL2v,exact
neuprint_cns,DL2v(R),DL2v,exact
neuprint_cns,DL3(L),DL3,exact
neuprint_cns,DL3(R),DL3,exact
neuprint_cns,DL4(L),DL4,exact
neuprint_cns,DL4(R),DL4,exact
neuprint_cns,DL5(L),DL5,exact
neuprint_cns,DL5(R),DL5,exact
neuprint_cns,DM1(L),DM1,exact
neuprint_cns,DM1(R),DM1,exact
neuprint_cns,DM2(L),DM2,exact
neuprint_cns,DM2(R),DM2,exact
neuprint_cns,DM3(L),DM3,exact
neuprint_cns,DM3(R),DM3,exact
neuprint_cns,DM4(L),DM4,exact
neuprint_cns,DM4(R),DM4,exact
neuprint_cns,DM5(L),DM5,exact
neuprint_cns,DM5(R),DM5,exact
neuprint_cns,DM6(L),DM6,exact
neuprint_cns,DM6(R),DM6,exact
neuprint_cns,DP1l(L),DP1l,exact
neuprint_cns,DP1l(R),DP1l,exact
neuprint_cns,DP1m(L),DP1m,exact
neuprint_cns,DP1m(R),DP1m,exact
neuprint_cns,V(L),V,exact
neuprint_cns,V(R),V,exact
neuprint_cns,VA1d(L),VA1d,exact
neuprint_cns,VA1d(R),VA1d,exact
neuprint_cns,VA1v(L),VA1v,exact
neuprint_cns,VA1v(R),VA1v,exact
neuprint_cns,VA2(L),VA2,exact
neuprint_cns,VA2(R),VA2,exact
neuprint_cns,VA3(L),VA3,exact
neuprint_cns,VA3(R),VA3,exact
neuprint_cns,VA4(L),VA4,exact
neuprint_cns,VA4(R),VA4,exact
neuprint_cns,VA5(L),VA5,exact
neuprint_cns,VA5(R),VA5,exact
neuprint_cns,VA6(L),VA6,exact
neuprint_cns,VA6(R),VA6,exact
neuprint_cns,VA7l(L),VA7l,exact
neuprint_cns,VA7l(R),VA7l,exact
neuprint_cns,VA7m(L),VA7m,exact
neuprint_cns,VA7m(R),VA7m,exact
neuprint_cns,VC1(L),VC1,exact
neuprint_cns,VC1(R),VC1,exact
neuprint_cns,VC2(L),VC2,exact
neuprint_cns,VC2(R),VC2,exact
neuprint_cns,VC3(L),VC3,exact
neuprint_cns,VC3(R),VC3,exact
neuprint_cns,VC4(L),VC4,exact
neuprint_cns,VC4(R),VC4,exact
neuprint_cns,VC5(L),VC5,exact
neuprint_cns,VC5(R),VC5,exact
neuprint_cns,VL1(L),VL1,exact
neuprint_cns,VL1(R),VL1,exact
neuprint_cns,VL2a(L),VL2a,exact
neuprint_cns,VL2a(R),VL2a,exact
neuprint_cns,VL2p(L),VL2p,exact
neuprint_cns,VL2p(R),VL2p,exact
neuprint_cns,VM1(L),VM1,exact
neuprint_cns,VM1(R),VM1,exact
neuprint_cns,VM2(L),VM2,exact
neuprint_cns,VM2(R),VM2,exact
neuprint_cns,VM3(L),VM3,exact
neuprint_cns,VM3(R),VM3,exact
neuprint_cns,VM4(L),VM4,exact
neuprint_cns,VM4(R),VM4,exact
neuprint_cns,VM5d(L),VM5d,exact
neuprint_cns,VM5d(R),VM5d,exact
neuprint_cns,VM5v(L),VM5v,exact
neuprint_cns,VM5v(R),VM5v,exact
neuprint_cns,VM6(L),VM6,exact
neuprint_cns,VM6(R),VM6,exact
neuprint_cns,VM7d(L),VM7d,exact
neuprint_cns,VM7d(R),VM7d,exact
neuprint_cns,VM7v(L),VM7v,exact
neuprint_cns,VM7v(R),VM7v,exact
neuprint_cns,VP1d(L),VP1d,exact
neuprint_cns,VP1d(R),VP1d,exact
neuprint_cns,VP1l(L),VP1l,exact
neuprint_cns,VP1l(R),VP1l,exact
neuprint_cns,VP1m(L),VP1m,exact
neuprint_cns,VP1m(R),VP1m,exact
neuprint_cns,VP2(L),VP2,exact
neuprint_cns,VP2(R),VP2,exact
neuprint_cns,VP3(L),VP3,exact
neuprint_cns,VP3(R),VP3,exact
neuprint_cns,VP4(L),VP4,exact
neuprint_cns,VP4(R),VP4,exact
neuprint_cns,VP5(L),VP5,exact
neuprint_cns,VP5(R),VP5,exact
neuprint_hemibrain,D(L),D,exact
neuprint_hemibrain,D(R),D,exact
neuprint_hemibrain,DA1(R),DA1,exact
neuprint_hemibrain,DA2(L),DA2,exact
neuprint_hemibrain,DA2(R),DA2,exact
neuprint_hemibrain,DA3(L),DA3,exact
neuprint_hemibrain,DA3(R),DA3,exact
neuprint_hemibrain,DA4l(R),DA4l,exact
neuprint_hemibrain,DA4m(L),DA4m,exact
neuprint_hemibrain,DA4m(R),DA4m,exact
neuprint_hemibrain,DC1(L),DC1,exact
neuprint_hemibrain,DC1(R),DC1,exact
neuprint_hemibrain,DC2(L),DC2,exact
neuprint_hemibrain,DC2(R),DC2,exact
neuprint_hemibrain,DC3(R),DC3,exact
neuprint_hemibrain,DC4(L),DC4,exact
neuprint_hemibrain,DC4(R),DC4,exact
neuprint_hemibrain,DL1(R),DL1,exact
neuprint_hemibrain,DL2d(R),DL2d,exact
neuprint_hemibrain,DL2v(R),DL2v,exact
neuprint_hemibrain,DL3(R),DL3,exact
neuprint_hemibrain,DL4(L),DL4,exact
neuprint_hemibrain,DL4(R),DL4,exact
neuprint_hemibrain,DL5(L),DL5,exact
neuprint_hemibrain,DL5(R),DL5,exact
neuprint_hemibrain,DM1(L),DM1,exact
neuprint_hemibrain,DM1(R),DM1,exact
neuprint_hemibrain,DM2(L),DM2,exact
neuprint_hemibrain,DM2(R),DM2,exact
neuprint_hemibrain,DM3(L),DM3,exact
neuprint_hemibrain,DM3(R),DM3,exact
neuprint_hemibrain,DM4(L),DM4,exact
neuprint_hemibrain,DM4(R),DM4,exact
neuprint_hemibrain,DM5(L),DM5,exact
neuprint_hemibrain,DM5(R),DM5,exact
neuprint_hemibrain,DM6(L),DM6,exact
neuprint_hemibrain,DM6(R),DM6,exact
neuprint_hemibrain,DP1l(R),DP1l,exact
neuprint_hemibrain,DP1m(L),DP1m,exact
neuprint_hemibrain,DP1m(R),DP1m,exact
neuprint_hemibrain,V(R),V,exact
neuprint_hemibrain,VA1d(R),VA1d,exact
neuprint_hemibrain,VA1v(R),VA1v,exact
neuprint_hemibrain,VA2(R),VA2,exact
neuprint_hemibrain,VA3(R),VA3,exact
neuprint_hemibrain,VA4(R),VA4,exact
neuprint_hemibrain,VA5(R),VA5,exact
neuprint_hemibrain,VA6(L),VA6,exact
neuprint_hemibrain,VA6(R),VA6,exact
neuprint_hemibrain,VA7l(R),VA7l,exact
neuprint_hemibrain,VA7m(R),VA7m,exact
neuprint_hemibrain,VC1(R),VC1,exact
neuprint_hemibrain,VC2(R),VC2,exact
neuprint_hemibrain,VC3l(R),VC3,renamed
neuprint_hemibrain,VC3m(R),VC5,renamed
neuprint_hemibrain,VC4(R),VC4,exact
neuprint_hemibrain,VC5(R),VM6,renamed
neuprint_hemibrain,VL1(R),VL1,exact
neuprint_hemibrain,VL2a(R),VL2a,exact
neuprint_hemibrain,VL2p(R),VL2p,exact
neuprint_hemibrain,VM1(R),VM1,exact
neuprint_hemibrain,VM2(R),VM2,exact
neuprint_hemibrain,VM3(R),VM3,exact
neuprint_hemibrain,VM4(R),VM4,exact
neuprint_hemibrain,VM5d(R),VM5d,exact
neuprint_hemibrain,VM5v(R),VM5v,exact
neuprint_hemibrain,VM7d(L),VM7d,exact
neuprint_hemibrain,VM7d(R),VM7d,exact
neuprint_hemibrain,VM7v(L),VM7v,exact
neuprint_hemibrain,VM7v(R),VM7v,exact
neuprint_hemibrain,VP1d(R),VP1d,exact
neuprint_hemibrain,VP1l(R),VP1l,exact
neuprint_hemibrain,VP1m(R),VP1m,exact
neuprint_hemibrain,VP2(R),VP2,exact
neuprint_hemibrain,VP3(R),VP3,exact
neuprint_hemibrain,VP4(R),VP4,exact
neuprint_hemibrain,VP5(R),VP5,exact
schlegel2021_s11,D,D,exact
schlegel2021_s11,DA1,DA1,exact
schlegel2021_s11,DA2,DA2,exact
schlegel2021_s11,DA3,DA3,exact
schlegel2021_s11,DA4l,DA4l,exact
schlegel2021_s11,DA4m,DA4m,exact
schlegel2021_s11,DC1,DC1,exact
schlegel2021_s11,DC2,DC2,exact
schlegel2021_s11,DC3,DC3,exact
schlegel2021_s11,DC4,DC4,exact
schlegel2021_s11,DL1,DL1,exact
schlegel2021_s11,DL2d,DL2d,exact
schlegel2021_s11,DL2v,DL2v,exact
schlegel2021_s11,DL3,DL3,exact
schlegel2021_s11,DL4,DL4,exact
schlegel2021_s11,DL5,DL5,exact
schlegel2021_s11,DM1,DM1,exact
schlegel2021_s11,DM2,DM2,exact
schlegel2021_s11,DM3,DM3,exact
schlegel2021_s11,DM4,DM4,exact
schlegel2021_s11,DM5,DM5,exact
schlegel2021_s11,DM6,DM6,exact
schlegel2021_s11,DP1l,DP1l,exact
schlegel2021_s11,DP1m,DP1m,exact
schlegel2021_s11,V,V,exact
schlegel2021_s11,VA1d,VA1d,exact
schlegel2021_s11,VA1v,VA1v,exact
schlegel2021_s11,VA2,VA2,exact
schlegel2021_s11,VA3,VA3,exact
schlegel2021_s11,VA4,VA4,exact
schlegel2021_s11,VA5,VA5,exact
schlegel2021_s11,VA6,VA6,exact
schlegel2021_s11,VA7l,VA7l,exact
schlegel2021_s11,VA7m,VA7m,exact
schlegel2021_s11,VC1,VC1,exact
schlegel2021_s11,VC2,VC2,exact
schlegel2021_s11,VC3,VC3,exact
schlegel2021_s11,VC4,VC4,exact
schlegel2021_s11,VC5,VC5,exact
schlegel2021_s11,VL1,VL1,exact
schlegel2021_s11,VL2a,VL2a,exact
schlegel2021_s11,VL2p,VL2p,exact
schlegel2021_s11,VM1,VM1,exact
schlegel2021_s11,VM3,VM3,exact
schlegel2021_s11,VM4,VM4,exact
schlegel2021_s11,VM5d,VM5d,exact
schlegel2021_s11,VM5v,VM5v,exact
schlegel2021_s11,VM6l,VM6,split
schlegel2021_s11,VM6m,VM6,split
schlegel2021_s11,VM6v,VM6,split
schlegel2021_s11,VM7d,VM7d,exact
schlegel2021_s11,VM7v,VM7v,exact
schlegel2021_s11,VP1d,VP1d,exact
schlegel2021_s11,VP1l,VP1l,exact
schlegel2021_s11,VP1m,VP1m,exact
schlegel2021_s11,VP2,VP2,exact
schlegel2021_s11,VP3,VP3,exact
schlegel2021_s11,VP4,VP4,exact
schlegel2021_s11,VP5,VP5,exact
schlegel2021_s12,D,D,exact
schlegel2021_s12,DA1,DA1,exact
schlegel2021_s12,DA2,DA2,exact
schlegel2021_s12,DA3,DA3,exact
schlegel2021_s12,DA4l,DA4l,exact
schlegel2021_s12,DA4m,DA4m,exact
schlegel2021_s12,DC1,DC1,exact
schlegel2021_s12,DC2,DC2,exact
schlegel2021_s12,DC3,DC3,exact
schlegel2021_s12,DC4,DC4,exact
schlegel2021_s12,DL1,DL1,exact
schlegel2021_s12,DL2d,DL2d,exact
schlegel2021_s12,DL2v,DL2v,exact
schlegel2021_s12,DL3,DL3,exact
schlegel2021_s12,DL4,DL4,exact
schlegel2021_s12,DL5,DL5,exact
schlegel2021_s12,DM1,DM1,exact
schlegel2021_s12,DM2,DM2,exact
schlegel2021_s12,DM3,DM3,exact
schlegel2021_s12,DM4,DM4,exact
schlegel2021_s12,DM5,DM5,exact
schlegel2021_s12,DM6,DM6,exact
schlegel2021_s12,DP1l,DP1l,exact
schlegel2021_s12,DP1m,DP1m,exact
schlegel2021_s12,V,V,exact
schlegel2021_s12,VA1d,VA1d,exact
schlegel2021_s12,VA1v,VA1v,exact
schlegel2021_s12,VA2,VA2,exact
schlegel2021_s12,VA3,VA3,exact
schlegel2021_s12,VA4,VA4,exact
schlegel2021_s12,VA5,VA5,exact
schlegel2021_s12,VA6,VA6,exact
schlegel2021_s12,VA7l,VA7l,exact
schlegel2021_s12,VA7m,VA7m,exact
schlegel2021_s12,VC1,VC1,exact
schlegel2021_s12,VC2,VC2,exact
schlegel2021_s12,VC3,VC3,exact
schlegel2021_s12,VC4,VC4,exact
schlegel2021_s12,VC5,VC5,exact
schlegel2021_s12,VL1,VL1,exact
schlegel2021_s12,VL2a,VL2a,exact
schlegel2021_s12,VL2p,VL2p,exact
schlegel2021_s12,VM1,VM1,exact
schlegel2021_s12,VM2,VM2,exact
schlegel2021_s12,VM3,VM3,exact
schlegel2021_s12,VM4,VM4,exact
schlegel2021_s12,VM5d,VM5d,exact
schlegel2021_s12,VM5v,VM5v,exact
schlegel2021_s12,VM6,VM6,exact
schlegel2021_s12,VM7d,VM7d,exact
schlegel2021_s12,VM7v,VM7v,exact
schlegel2021_s12,VP1d,VP1d,exact
schlegel2021_s12,VP1l,VP1l,exact
schlegel2021_s12,VP1m,VP1m,exact
schlegel2021_s12,VP2,VP2,exact
schlegel2021_s12,VP3,VP3,exact
schlegel2021_s12,VP4,VP4,exact
schlegel2021_s12,VP5,VP5,exact
