name,full_name,source
a'L,αʼ lobe,"Ito et al. 2014, Neuron"
AB,asymmetrical body,"Scheffer et al. 2020, eLife"
AL,antennal lobe,"Ito et al. 2014, Neuron"
aL,α lobe,"Ito et al. 2014, Neuron"
AME,accessory medulla,"Ito et al. 2014, Neuron"
AMMC,antennal mechanosensory and motor center,"Ito et al. 2014, Neuron"
AOTU,anterior optic tubercle,"Ito et al. 2014, Neuron"
ATL,antler,"Ito et al. 2014, Neuron"
AVLP,anterior ventrolateral protocerebrum,"Ito et al. 2014, Neuron"
b'L,βʼ lobe,"Ito et al. 2014, Neuron"
bL,β lobe,"Ito et al. 2014, Neuron"
BU,bulb,"Ito et al. 2014, Neuron"
CA,calyx,"Ito et al. 2014, Neuron"
CAN,cantle,"Ito et al. 2014, Neuron"
CRE,crepine,"Ito et al. 2014, Neuron"
EB,ellipsoid body,"Ito et al. 2014, Neuron"
EPA,epaulette,"Ito et al. 2014, Neuron"
FB,fan-shaped body,"Ito et al. 2014, Neuron"
FLA,flange,"Ito et al. 2014, Neuron"
GA,gall,"Ito et al. 2014, Neuron"
gL,γ lobe,"Ito et al. 2014, Neuron"
GNG,gnathal ganglia,"Ito et al. 2014, Neuron"
GOR,gorget,"Ito et al. 2014, Neuron"
IB,inferior bridge,"Ito et al. 2014, Neuron"
ICL,inferior clamp,"Ito et al. 2014, Neuron"
IPS,inferior posterior slope,"Ito et al. 2014, Neuron"
LA,lamina,"Ito et al. 2014, Neuron"
LAL,lateral accessory lobe,"Ito et al. 2014, Neuron"
LH,lateral horn,"Ito et al. 2014, Neuron"
LO,lobula,"Ito et al. 2014, Neuron"
LOP,lobula plate,"Ito et al. 2014, Neuron"
MB_CA,calyx,"Ito et al. 2014, Neuron"
MB_ML,medial lobe,"Ito et al. 2014, Neuron"
MB_PED,pedunculus,"Ito et al. 2014, Neuron"
MB_VL,vertical lobe,"Ito et al. 2014, Neuron"
ME,medulla,"Ito et al. 2014, Neuron"
NO,noduli,"Ito et al. 2014, Neuron"
OCG,ocellar ganglion,"Schlegel et al. 2024, Nature"
PB,protocerebral bridge,"Ito et al. 2014, Neuron"
PED,pedunculus,"Ito et al. 2014, Neuron"
PLP,posteriorlateral protocerebrum,"Ito et al. 2014, Neuron"
PRW,prow,"Ito et al. 2014, Neuron"
PVLP,posterior ventrolateral protocerebrum,"Ito et al. 2014, Neuron"
SAD,saddle,"Ito et al. 2014, Neuron"
SCL,superior clamp,"Ito et al. 2014, Neuron"
SIP,superior intermediate protocerebrum,"Ito et al. 2014, Neuron"
SLP,superior lateral protocerebrum,"Ito et al. 2014, Neuron"
SMP,superior medial protocerebrum,"Ito et al. 2014, Neuron"
SPS,superior posterior slope,"Ito et al. 2014, Neuron"
VES,vest,"Ito et al. 2014, Neuron"
WED,wedge,"Ito et al. 2014, Neuron"
